product_id,product_name,category,sub_category,brand,cost_price,selling_price
1,Win,Books,Comics,Gutierrez-Hamilton,625.22,760.46
2,Fire,Electronics,Laptop,Molina-Baxter,886.76,1028.55
3,Year,Electronics,Camera,Mcgee-Parker,517.99,619.18
4,Even,Books,Non-Fiction,Conner LLC,679.16,876.6
5,Population,Home & Kitchen,Furniture,Foster PLC,578.59,671.49
6,Perform,Clothing,Jackets,Mullins and Sons,236.31,349.83
7,These,Books,Comics,"Duffy, Green and Lane",211.47,276.25
8,Feel,Clothing,Shirts,Andrews LLC,641.94,809.49
9,Understand,Books,Fiction,Baker-Fox,988.32,1243.44
10,Require,Electronics,Mobile,"Lyons, Jackson and Walker",821.07,1129.63
11,Personal,Electronics,Laptop,Mason-Anderson,427.24,596.85
12,Several,Books,Comics,Cummings-Robinson,101.84,136.17
13,Parent,Home & Kitchen,Cookware,"Roth, Day and Khan",438.59,504.21
14,Pass,Clothing,Shirts,Garcia-Moore,130.32,159.81
15,Across,Home & Kitchen,Decor,"Griffin, Brown and Thompson",371.15,443.27
16,Traditional,Books,Comics,Gill-Mendoza,755.33,904.2
17,Fish,Electronics,Laptop,"Bailey, Mitchell and Mckinney",207.9,253.29
18,Itself,Home & Kitchen,Decor,Rogers-Mcbride,993.35,1309.7
19,Cause,Clothing,Shirts,Johnson Inc,940.71,1379.48
20,And,Clothing,Jackets,Ramirez-Reynolds,962.45,1200.36
21,Fly,Books,Non-Fiction,Hickman-Hernandez,368.66,525.4
22,Popular,Home & Kitchen,Decor,Knight Inc,636.87,918.64
23,Chance,Clothing,Shirts,"Baxter, Rodriguez and Maxwell",958.92,1387.03
24,Democrat,Books,Comics,"Shields, Cook and Long",534.53,594.18
25,Heart,Books,Comics,"Mann, Myers and Rivera",805.32,1049.48
26,Green,Books,Comics,"Byrd, Ruiz and Smith",351.23,388.62
27,Yard,Clothing,Jackets,Arellano-Miller,588.56,793.99
28,Painting,Electronics,Laptop,"Robinson, Jones and Mccarthy",420.92,505.22
29,Old,Clothing,Jackets,Lopez-Dominguez,678.78,923.1
30,Industry,Books,Non-Fiction,Walker-Jones,736.6,894.21
31,World,Electronics,Camera,"Pierce, Williams and Harris",974.54,1223.15
32,Voice,Clothing,Shirts,Lee Group,322.92,358.53
33,Coach,Books,Fiction,"Yang, Johnson and Wright",374.41,441.34
34,Force,Home & Kitchen,Cookware,Carter-Baker,277.45,321.25
35,Despite,Books,Fiction,"Rodriguez, Turner and Alvarado",691.43,915.05
36,Send,Home & Kitchen,Decor,"Perry, Figueroa and Leonard",845.12,1054.53
37,Really,Electronics,Mobile,Harrington-Fernandez,233.68,345.06
38,Ahead,Books,Fiction,Arnold Ltd,139.61,168.46
39,Former,Books,Comics,"Zimmerman, Thomas and Dalton",204.09,234.01
40,I,Books,Fiction,"Chung, Hernandez and Ballard",259.38,323.82
41,Behind,Clothing,Shirts,"Bates, Freeman and Small",311.33,465.25
42,Attack,Electronics,Laptop,Baker-Chaney,991.56,1340.89
43,Five,Books,Non-Fiction,Skinner Inc,870.52,1287.36
44,Clear,Books,Fiction,Herrera LLC,629.4,924.61
45,Your,Electronics,Camera,Martin PLC,321.57,480.46
46,Poor,Clothing,Shirts,Henderson-Morgan,259.66,291.1
47,List,Electronics,Camera,Blair-Molina,660.71,835.94
48,Son,Electronics,Camera,Gonzalez and Sons,575.64,842.78
49,Nature,Books,Fiction,Hanson and Sons,148.76,194.62
50,Act,Home & Kitchen,Furniture,Smith LLC,792.97,1175.36
51,Institution,Clothing,Jeans,"Frey, Lewis and Rich",572.11,841.34
52,Drug,Books,Fiction,Robinson LLC,743.32,1047.16
53,Issue,Electronics,Laptop,Alexander-Gross,381.84,538.66
54,Can,Books,Non-Fiction,"Santana, Logan and Diaz",577.28,802.42
55,Team,Clothing,Shirts,Kim Group,455.14,647.39
56,Change,Books,Comics,Lynch-Reed,596.99,676.28
57,Teach,Home & Kitchen,Cookware,Wright-Goodman,987.04,1159.4
58,Consumer,Books,Fiction,May-Clark,251.15,362.93
59,Bar,Clothing,Jackets,Kent Ltd,754.01,1042.99
60,Party,Electronics,Laptop,"Hammond, Cabrera and Jackson",242.4,284.78
61,Air,Home & Kitchen,Furniture,Nelson and Sons,906.8,1147.17
62,Any,Clothing,Jeans,Fernandez Group,701.71,895.82
63,Author,Electronics,Camera,"Pacheco, Robles and Lowery",524.18,588.86
64,Admit,Electronics,Camera,Gibson and Sons,134.98,152.29
65,Common,Electronics,Camera,"Robles, Carter and Ibarra",703.32,913.22
66,Article,Books,Comics,Olsen-Bowen,126.85,169.3
67,Whom,Books,Non-Fiction,Guerrero-Payne,659.01,828.93
68,Show,Clothing,Jackets,Decker Group,702.42,802.17
69,Quality,Books,Comics,"Vazquez, Morris and Green",781.11,875.93
70,Born,Books,Fiction,"Buchanan, Burke and Atkins",405.11,600.58
71,Wish,Home & Kitchen,Cookware,Williams-Ward,371.74,443.06
72,Number,Books,Comics,Herrera Group,324.68,428.11
73,Class,Clothing,Jeans,"Harrison, Hernandez and Wagner",720.87,991.29
74,Word,Clothing,Jackets,White LLC,659.08,749.21
75,Place,Clothing,Jackets,Lang PLC,626.7,791.27
76,Station,Books,Comics,"Cooper, Long and Ferguson",967.82,1285.93
77,Seem,Books,Fiction,Melendez-Hardy,862.73,1205.36
78,Choice,Home & Kitchen,Furniture,Washington Ltd,580.04,755.42
79,Cup,Clothing,Jackets,Berry-Shepard,176.43,239.57
80,Study,Clothing,Jackets,Garcia Inc,862.38,1236.52
81,Before,Electronics,Mobile,Wilson Group,913.22,1164.2
82,Must,Electronics,Laptop,Young LLC,699.9,984.48
83,Rise,Clothing,Jackets,"Perry, Hull and Mendez",712.2,832.37
84,Relationship,Electronics,Laptop,Gibson Inc,232.83,289.65
85,Travel,Clothing,Jackets,Carter-Johnson,615.86,794.02
86,Professional,Home & Kitchen,Furniture,George LLC,282.72,336.86
87,Body,Electronics,Mobile,"Bonilla, Williamson and Benson",271.37,349.27
88,Could,Electronics,Laptop,"Flores, Blackwell and Duran",142.3,200.75
89,Minute,Electronics,Camera,Thompson and Sons,863.87,1108.17
90,Western,Electronics,Mobile,Dougherty-Goodman,727.33,939.21
91,Enjoy,Home & Kitchen,Decor,Grant and Sons,355.73,434.6
92,Common,Electronics,Laptop,Ward LLC,370.16,483.7
93,Citizen,Clothing,Jeans,Rodriguez and Sons,171.81,189.19
94,However,Electronics,Camera,"Flores, Cochran and Garza",473.78,625.48
95,Race,Electronics,Laptop,Horn-Lee,722.37,964.78
96,Day,Books,Comics,"Fitzgerald, Schwartz and Velasquez",162.8,197.06
97,Degree,Books,Fiction,Phillips-Ramos,510.12,715.87
98,West,Electronics,Laptop,Torres PLC,439.92,537.79
99,Money,Home & Kitchen,Cookware,"Greene, Nielsen and Smith",739.43,855.44
100,Majority,Books,Comics,Brock Inc,878.42,1256.92
101,Trade,Clothing,Shirts,Austin-Gray,945.18,1074.8
102,Movement,Electronics,Mobile,"Bailey, Salazar and Golden",236.54,343.37
103,Customer,Books,Non-Fiction,"West, Scott and Miles",923.18,1051.04
104,Court,Electronics,Camera,Simmons-Barrett,811.38,1192.11
105,Collection,Home & Kitchen,Furniture,"Figueroa, Gutierrez and Adams",771.26,1061.11
106,Local,Books,Non-Fiction,Wells-Norton,698.77,860.56
107,Collection,Books,Comics,Bradley-Smith,500.92,666.76
108,Be,Clothing,Jeans,Bailey-Miller,188.8,282.12
109,Table,Books,Comics,"Anderson, Valdez and Armstrong",564.33,694.9
110,Within,Electronics,Mobile,Hernandez LLC,105.98,132.73
111,But,Home & Kitchen,Decor,Morris Group,319.83,353.82
112,Discover,Clothing,Jackets,Hernandez LLC,453.55,535.91
113,Four,Home & Kitchen,Cookware,"Haynes, Morales and Graham",615.85,689.21
114,Major,Books,Fiction,"Cortez, Moore and Ortiz",889.62,1310.26
115,The,Electronics,Camera,"Sharp, Beck and Finley",903.44,1149.62
116,And,Clothing,Jeans,Bennett-Rogers,884.55,1106.33
117,Event,Electronics,Laptop,"Robertson, Lucas and Arnold",484.62,614.44
118,Bill,Clothing,Jeans,Harris Inc,995.65,1271.97
119,Dog,Home & Kitchen,Cookware,"Medina, York and Williams",396.2,494.28
120,Painting,Books,Comics,"York, Walker and Foley",277.75,402.89
121,Attack,Home & Kitchen,Cookware,"Miller, Jefferson and Davis",799.48,1035.86
122,Them,Books,Comics,Casey LLC,835.81,1233.58
123,So,Books,Comics,Dixon-Buck,992.36,1116.46
124,Budget,Clothing,Jeans,"Watson, Hernandez and Graham",567.02,660.24
125,Key,Electronics,Mobile,"Porter, Morales and English",167.51,224.62
126,Body,Books,Non-Fiction,"Rodriguez, Murphy and Hawkins",672.52,849.29
127,Article,Electronics,Camera,Parker-Torres,271.8,309.91
128,Cell,Clothing,Jeans,"Smith, Norton and Thompson",376.65,435.25
129,Without,Electronics,Laptop,"Sexton, Jimenez and Little",382.66,498.23
130,Media,Books,Comics,Decker PLC,289.43,426.92
131,Generation,Clothing,Shirts,"Moyer, Little and Campbell",929.64,1261.33
132,Truth,Electronics,Mobile,Curry-Hampton,204.29,287.89
133,By,Books,Non-Fiction,"Graham, Anderson and Phillips",748.23,873.58
134,Couple,Home & Kitchen,Decor,Bishop Ltd,249.51,372.92
135,Wonder,Clothing,Jackets,Stokes-White,756.79,976.54
136,Data,Electronics,Mobile,Smith Ltd,672.77,854.36
137,Attack,Clothing,Jackets,Mitchell PLC,693.26,927.05
138,Environment,Clothing,Jackets,"Robinson, Kaufman and Campbell",709.12,1063.62
139,Mention,Books,Non-Fiction,"Stark, Carroll and Atkins",433.72,511.7
140,Tree,Clothing,Jackets,Davis PLC,371.5,542.35
141,Likely,Home & Kitchen,Decor,Bryan Group,753.98,1098.74
142,Per,Electronics,Laptop,"Wheeler, Austin and Johnston",465.46,673.51
143,New,Clothing,Shirts,Pearson PLC,695.69,868.88
144,Say,Electronics,Laptop,Rodriguez PLC,879.64,1293.72
145,Again,Books,Non-Fiction,Robinson Group,163.61,232.97
146,Knowledge,Clothing,Shirts,Smith-Watts,187.32,251.06
147,Concern,Clothing,Shirts,"Smith, Smith and Mayer",851.79,1196.78
148,Small,Electronics,Mobile,Ryan and Sons,924.86,1327.47
149,Off,Clothing,Shirts,Lopez-Davis,603.65,760.34
150,Fund,Clothing,Jeans,"Williams, Pacheco and Nelson",417.43,607.62
151,Various,Home & Kitchen,Decor,"Nolan, Pierce and Smith",143.71,179.65
152,Hear,Electronics,Mobile,"Norris, Buckley and Kirby",437.02,540.15
153,Power,Books,Non-Fiction,Keller PLC,555.35,624.74
154,Speak,Books,Comics,"Brown, Hayes and Ferguson",623.8,770.66
155,Lay,Home & Kitchen,Decor,Carson Group,684.37,796.6
156,Worker,Books,Non-Fiction,Hodge and Sons,160.88,201.62
157,Three,Home & Kitchen,Decor,"Haney, Clark and Wiggins",140.17,161.45
158,Poor,Electronics,Laptop,Nunez-Andrade,297.16,405.42
159,Democrat,Home & Kitchen,Cookware,Olsen Group,568.8,700.45
160,We,Books,Fiction,"Miller, Rogers and Wilson",598.59,761.06
161,Program,Electronics,Laptop,"Gentry, Brady and Tate",217.21,248.55
162,Cost,Electronics,Mobile,Gibson-Wright,973.54,1309.17
163,Old,Electronics,Camera,Sanford-Rodriguez,211.75,296.53
164,Bad,Clothing,Jeans,Moore PLC,592.62,746.73
165,Strong,Home & Kitchen,Furniture,Harris and Sons,217.32,271.7
166,Series,Books,Non-Fiction,"Hernandez, Nunez and Sweeney",959.05,1150.33
167,Side,Electronics,Camera,Bailey and Sons,543.12,696.15
168,Main,Clothing,Shirts,"Greene, Chase and Rice",297.69,422.6
169,Gas,Books,Fiction,"Pace, Doyle and Graves",570.64,748.84
170,Into,Books,Comics,Snyder-Davis,512.61,643.48
171,Animal,Electronics,Laptop,Campos-Cummings,549.6,774.69
172,That,Clothing,Jackets,"Jackson, Walters and Michael",375.76,415.41
173,Necessary,Home & Kitchen,Decor,Chase LLC,701.09,1047.31
174,End,Clothing,Jeans,Howell Group,976.97,1143.41
175,Policy,Clothing,Shirts,Huber-Wilson,915.93,1057.56
176,Why,Electronics,Camera,"Neal, Gomez and Watkins",968.99,1227.47
177,Particularly,Electronics,Laptop,"Day, Weaver and Evans",861.67,1175.42
178,Recent,Electronics,Mobile,Thompson-Lowe,248.51,367.41
179,Sense,Electronics,Mobile,"Hernandez, Myers and Richardson",392.32,467.55
180,Term,Electronics,Mobile,Ferguson-Gallagher,793.88,948.54
181,Population,Clothing,Jeans,Andrews-Davis,381.9,565.76
182,Game,Books,Comics,Harris-Jensen,900.54,1095.85
183,Personal,Electronics,Mobile,"Vance, Martin and Nguyen",880.51,1129.86
184,Play,Home & Kitchen,Furniture,Lambert-Fuller,634.23,951.28
185,Act,Home & Kitchen,Cookware,Rojas-Tanner,719.18,824.39
186,Particularly,Home & Kitchen,Furniture,"Johnson, Adams and Alvarez",913.72,1106.78
187,Southern,Clothing,Shirts,"Jenkins, Garza and Shea",991.43,1204.35
188,At,Clothing,Jackets,Andrews-Sanders,805.49,1111.59
189,Age,Clothing,Jackets,"Smith, Casey and Ellis",686.58,798.48
190,Rich,Clothing,Jackets,"Jimenez, Hansen and Jennings",436.36,515.33
191,Today,Electronics,Camera,"Mitchell, Hill and Mckay",591.57,775.91
192,Daughter,Books,Fiction,"Pham, Boone and Rodriguez",511.71,667.99
193,Maintain,Clothing,Shirts,Roberts Group,981.57,1447.29
194,Natural,Home & Kitchen,Cookware,"Cooper, Ross and Perkins",334.17,432.41
195,System,Electronics,Mobile,"Rodriguez, James and Frank",673.23,977.98
196,None,Clothing,Jeans,Baker LLC,307.13,424.48
197,Action,Electronics,Mobile,"Jackson, Bowman and Drake",780.36,1003.4
198,Type,Clothing,Jackets,Murphy and Sons,314.72,383.43
199,By,Home & Kitchen,Cookware,Martin and Sons,284.58,334.08
200,Low,Home & Kitchen,Furniture,Sanders LLC,968.43,1425.31
201,On,Clothing,Jackets,"Winters, Smith and Stephens",618.5,903.12
202,Experience,Clothing,Jeans,"Bass, Howard and Garcia",250.97,303.96
203,Do,Electronics,Laptop,Hawkins PLC,280.2,366.95
204,Page,Books,Comics,"Lee, Wade and Williams",630.83,896.71
205,Meeting,Books,Non-Fiction,Estrada-Fernandez,796.92,1034.6
206,Economic,Home & Kitchen,Furniture,"Larson, Wells and Whitaker",855.02,1269.73
207,Six,Electronics,Mobile,Tran Group,113.17,136.42
208,Tree,Books,Comics,Smith Group,269.51,338.81
209,Story,Electronics,Mobile,Herman-Williams,651.16,846.13
210,Difference,Electronics,Laptop,Frazier Ltd,418.82,576.68
211,In,Home & Kitchen,Decor,"Powell, Vargas and Booth",976.34,1212.43
212,Pick,Electronics,Laptop,Newman-Smith,729.78,960.68
213,Help,Electronics,Camera,Carter-Grant,879.57,1164.43
214,Speak,Home & Kitchen,Decor,"Lee, Gonzales and Weaver",211.02,314.29
215,Three,Home & Kitchen,Cookware,Reynolds-Hudson,708.24,789.96
216,Morning,Electronics,Laptop,Sloan-Gaines,946.09,1219.05
217,Ready,Clothing,Shirts,Schmidt and Sons,146.21,210.96
218,Join,Electronics,Mobile,"Lara, Johnson and Welch",833.39,1161.39
219,Democrat,Home & Kitchen,Decor,Watson-Watts,116.35,132.94
220,Anyone,Electronics,Mobile,Nelson LLC,675.11,919.95
221,Floor,Home & Kitchen,Furniture,Anderson-Larson,636.75,932.04
222,Animal,Clothing,Jeans,Webb-Ortega,941.06,1079.71
223,Knowledge,Home & Kitchen,Cookware,"Barrera, Morales and Rangel",861.47,1112.34
224,Community,Books,Fiction,Case-Gray,460.59,508.11
225,Store,Home & Kitchen,Cookware,Wilson LLC,505.34,603.25
226,Popular,Clothing,Shirts,"Graham, Woods and Stewart",411.98,566.13
227,Large,Home & Kitchen,Cookware,Lopez and Sons,241.74,301.4
228,Capital,Electronics,Camera,"Smith, Young and Frederick",192.24,258.25
229,Raise,Clothing,Jeans,"Phillips, Mcguire and Green",239.17,344.35
230,Food,Electronics,Laptop,Lester-Torres,734.41,998.3
231,Fight,Electronics,Camera,"Floyd, Watson and Walker",323.02,416.19
232,Leave,Electronics,Laptop,Jackson-Charles,627.56,834.76
233,Television,Books,Non-Fiction,Ferguson LLC,124.98,174.39
234,According,Home & Kitchen,Furniture,Rivas-Montes,325.31,432.15
235,Field,Clothing,Jeans,Chandler-Robinson,697.72,921.98
236,Compare,Books,Non-Fiction,"Poole, Lam and Brown",152.62,226.69
237,Sit,Home & Kitchen,Decor,Foster Ltd,124.03,150.77
238,Crime,Home & Kitchen,Decor,Arias Inc,270.3,392.67
239,Woman,Home & Kitchen,Furniture,"Maxwell, Young and Maxwell",155.32,195.65
240,Character,Electronics,Laptop,"Booker, Simpson and Coleman",954.96,1357.26
241,Experience,Home & Kitchen,Cookware,"Day, Dennis and Williamson",639.72,727.15
242,Only,Books,Fiction,Joseph-Morris,355.8,401.78
243,Garden,Clothing,Shirts,White Ltd,343.35,487.16
244,Focus,Clothing,Jeans,Maldonado LLC,895.43,1112.41
245,Challenge,Clothing,Jackets,"Villarreal, Garcia and Wilson",475.03,586.14
246,Morning,Clothing,Jackets,Burns-Mendez,199.24,284.35
247,List,Home & Kitchen,Cookware,Brown Inc,333.9,495.88
248,Newspaper,Clothing,Jeans,"Williams, Parker and Davis",502.1,632.44
249,Line,Clothing,Shirts,Parker-Ruiz,460.96,530.37
250,Southern,Electronics,Laptop,Fowler-Kelly,273.23,381.54
251,Chance,Clothing,Jackets,Gonzales-Rice,342.44,419.72
252,Six,Home & Kitchen,Furniture,"Phillips, Whitaker and Anthony",296.61,341.3
253,By,Books,Non-Fiction,Carpenter-Park,678.41,906.4
254,Own,Books,Comics,Gonzalez-Roberts,783.42,1104.92
255,Wear,Home & Kitchen,Decor,"Harris, Cook and Freeman",377.03,442.15
256,Nor,Home & Kitchen,Decor,Walker Inc,699.07,1040.0
257,Next,Books,Fiction,Fisher Inc,630.05,808.26
258,Rise,Books,Non-Fiction,Allen Ltd,537.98,612.33
259,Near,Clothing,Jackets,"Baird, Simmons and Johnson",916.99,1181.43
260,Matter,Books,Non-Fiction,"Nichols, Thompson and Mcintyre",951.8,1425.12
261,Author,Electronics,Laptop,Bauer-Castillo,596.7,701.57
262,May,Electronics,Laptop,Smith PLC,243.81,321.19
263,Learn,Clothing,Jeans,Stewart Inc,332.21,393.77
264,Form,Books,Non-Fiction,Martinez Ltd,937.41,1070.24
265,Follow,Electronics,Laptop,Murphy-Guerrero,209.54,245.09
266,With,Home & Kitchen,Furniture,Daniel-Webb,920.08,1214.59
267,Sure,Electronics,Camera,"Williams, Hunt and Boyer",426.67,500.28
268,Heart,Books,Comics,Jennings-Lopez,187.25,260.09
269,Family,Books,Non-Fiction,Crawford-Moss,629.41,849.56
270,Level,Books,Comics,"Gray, Martin and Lamb",653.91,751.27
271,Per,Home & Kitchen,Cookware,Benitez and Sons,978.08,1185.94
272,Determine,Home & Kitchen,Decor,Taylor-Jacobs,177.48,263.45
273,Even,Books,Comics,Soto-Jordan,734.91,880.22
274,Western,Electronics,Laptop,Williams-Matthews,538.59,752.89
275,Pay,Home & Kitchen,Furniture,Norris Inc,280.99,356.0
276,Anything,Electronics,Laptop,"Larson, Peterson and Perez",966.89,1396.43
277,Adult,Home & Kitchen,Cookware,"Bullock, Wall and Sutton",483.99,584.95
278,Grow,Home & Kitchen,Furniture,Davis Inc,340.45,474.03
279,Now,Clothing,Shirts,"Ortiz, Boyd and Conway",832.95,1019.4
280,Conference,Books,Fiction,"Phillips, Hill and Pace",885.81,1243.52
281,Standard,Clothing,Jackets,"Evans, Potter and Santana",501.27,638.54
282,Religious,Clothing,Jeans,"Ramsey, Aguilar and Kim",766.16,1092.13
283,Option,Electronics,Laptop,Colon-Wu,801.26,1156.48
284,Get,Books,Comics,"Mckinney, Bailey and Meyer",522.93,686.88
285,Young,Clothing,Jackets,"Harmon, Kirby and Williams",128.25,152.27
286,Character,Home & Kitchen,Decor,Alexander PLC,195.05,242.52
287,Maintain,Home & Kitchen,Cookware,"Ryan, Guerrero and Bates",820.79,1095.48
288,Program,Books,Fiction,Wilkins LLC,704.19,841.4
289,Newspaper,Electronics,Camera,"Lopez, Franklin and Heath",877.36,1209.93
290,Way,Books,Comics,Murray LLC,800.1,1160.58
291,Social,Electronics,Camera,"Rice, Moon and Baker",576.81,698.25
292,Get,Books,Comics,Tyler and Sons,371.08,431.36
293,Large,Clothing,Shirts,Hodges-Moore,718.56,889.22
294,Include,Electronics,Laptop,"Garcia, White and Robinson",978.72,1402.94
295,All,Books,Comics,Rice LLC,289.21,343.69
296,Soldier,Books,Non-Fiction,Sweeney-Wilson,263.16,297.37
297,Beat,Electronics,Mobile,"Sanchez, Andersen and Vasquez",933.09,1225.44
298,Nothing,Clothing,Jeans,Hill LLC,703.64,845.39
299,Part,Clothing,Jackets,Clay Inc,271.08,378.48
300,Sing,Electronics,Camera,"Douglas, Delacruz and Anthony",308.73,430.0
301,Page,Clothing,Shirts,"Singleton, Whitaker and Griffin",523.49,774.7
302,Part,Books,Comics,Wood and Sons,525.24,580.5
303,Opportunity,Clothing,Jeans,Middleton-Richards,262.12,300.26
304,Do,Books,Non-Fiction,Davis-Calderon,207.3,281.88
305,Form,Electronics,Camera,"Wagner, Potter and Webster",997.64,1215.31
306,Majority,Books,Fiction,"Smith, Huff and Flores",534.25,688.96
307,Card,Clothing,Shirts,"Foster, Reese and Martinez",153.82,227.1
308,Parent,Electronics,Mobile,Cobb Inc,888.75,1023.68
309,Action,Home & Kitchen,Furniture,Mullen PLC,233.87,323.24
310,Car,Home & Kitchen,Furniture,"Rollins, Parker and Lucas",461.36,621.86
311,Forward,Books,Comics,Martinez-Cummings,189.48,217.06
312,And,Books,Fiction,"Brown, Schmidt and Mckenzie",693.58,1009.31
313,Subject,Books,Non-Fiction,Foley Ltd,425.27,501.47
314,Can,Books,Non-Fiction,Campbell Inc,449.19,614.11
315,Until,Clothing,Jackets,Evans Ltd,645.74,832.51
316,Main,Electronics,Mobile,Morales LLC,633.25,711.29
317,Worker,Books,Non-Fiction,"Pope, Schmidt and Harris",628.71,744.51
318,Sometimes,Clothing,Jackets,Taylor-Gonzales,738.8,914.9
319,Director,Clothing,Jackets,"Bailey, Le and Morales",999.69,1311.09
320,Else,Clothing,Shirts,Gomez PLC,840.95,994.66
321,As,Home & Kitchen,Furniture,"Smith, Cook and Morris",640.68,935.81
322,Tv,Electronics,Mobile,Davis-Chen,775.67,1146.86
323,Film,Books,Fiction,Wade-Miller,325.1,485.41
324,Good,Clothing,Shirts,Hoover-Allen,726.26,861.24
325,Method,Books,Non-Fiction,"Lopez, Reed and Wiley",951.63,1252.19
326,Blood,Clothing,Shirts,Roberts-Long,735.77,1006.56
327,Respond,Books,Fiction,"Williams, Anderson and Romero",940.79,1146.21
328,Education,Home & Kitchen,Cookware,Tucker-Bryant,301.11,412.97
329,Top,Home & Kitchen,Cookware,Stephens Group,441.1,547.51
330,Space,Books,Fiction,"Gray, Smith and Sloan",575.17,852.23
331,Find,Clothing,Shirts,Boyd Group,661.17,876.44
332,Surface,Electronics,Mobile,Scott-Montoya,641.66,943.64
333,Result,Clothing,Jackets,Jones-Barry,840.93,1035.92
334,Price,Books,Comics,"Murray, Rush and Walters",868.89,959.49
335,Democratic,Books,Comics,Nichols-Meyers,884.39,1180.9
336,Wide,Electronics,Laptop,Ortiz-Baker,410.94,521.08
337,Hour,Books,Fiction,Johnson Ltd,271.07,343.22
338,Opportunity,Clothing,Jackets,"Smith, Henry and Lewis",857.17,1254.11
339,Everything,Home & Kitchen,Furniture,Tucker and Sons,147.88,180.13
340,Knowledge,Electronics,Laptop,Peck PLC,716.4,844.24
341,Turn,Home & Kitchen,Furniture,Baker LLC,937.57,1203.72
342,Require,Electronics,Laptop,Chavez-Rice,763.48,894.7
343,Particular,Home & Kitchen,Decor,Vargas and Sons,984.4,1306.6
344,With,Electronics,Laptop,Johnston PLC,573.39,658.04
345,Subject,Home & Kitchen,Furniture,Barnes Group,552.79,636.55
346,Ever,Clothing,Jeans,"Avila, Lowery and Dalton",476.29,590.53
347,Produce,Electronics,Laptop,"Gillespie, Hudson and Thompson",711.02,851.38
348,Not,Home & Kitchen,Decor,Mays-Hicks,193.37,254.51
349,Southern,Books,Non-Fiction,Pitts-Webster,798.81,1096.52
350,Have,Books,Non-Fiction,Foley and Sons,195.31,271.99
351,Theory,Clothing,Shirts,Medina-Orozco,765.07,1047.78
352,Century,Electronics,Laptop,Martinez-Adams,327.21,374.53
353,Debate,Clothing,Jackets,May Group,680.18,965.61
354,Sure,Books,Comics,"Moyer, Galloway and Mccormick",441.7,579.56
355,Sometimes,Books,Comics,Combs-Hoover,898.66,1124.52
356,Stand,Clothing,Shirts,"Cannon, Johnson and Torres",947.3,1314.89
357,Detail,Books,Non-Fiction,"Gordon, Mills and Brown",294.95,334.76
358,Minute,Clothing,Jackets,Kelley Group,536.78,732.79
359,Reach,Books,Non-Fiction,"Howard, Hunt and Oconnor",897.16,1037.11
360,Difficult,Home & Kitchen,Cookware,Campbell-Wells,105.57,125.52
361,Address,Electronics,Camera,Davis-Love,447.78,638.76
362,Point,Home & Kitchen,Decor,Dean Inc,618.48,826.87
363,Year,Books,Non-Fiction,Lee-Petersen,195.26,292.33
364,Tv,Clothing,Shirts,Costa-Lopez,233.03,275.99
365,Care,Electronics,Mobile,Anderson-Baker,319.54,403.16
366,Compare,Home & Kitchen,Furniture,Bradshaw Inc,184.09,217.48
367,Real,Clothing,Shirts,Huffman and Sons,174.69,221.06
368,Wall,Electronics,Mobile,Carr Ltd,494.22,721.11
369,Read,Electronics,Laptop,Cole-Anderson,425.79,630.23
370,Executive,Home & Kitchen,Furniture,Jones-Brown,355.73,467.09
371,Road,Electronics,Mobile,Norris-Combs,136.2,186.0
372,Expert,Clothing,Shirts,Cunningham and Sons,583.3,735.17
373,Experience,Home & Kitchen,Decor,Cuevas-Allen,214.21,285.86
374,Ok,Home & Kitchen,Decor,"Jones, Howell and Klein",655.51,861.73
375,For,Clothing,Shirts,Blevins and Sons,435.13,542.83
376,Charge,Electronics,Mobile,Stephens-Owens,167.69,247.64
377,People,Books,Non-Fiction,"Moss, Wells and Garner",256.02,293.05
378,Especially,Home & Kitchen,Decor,"Russell, White and Brooks",222.0,311.15
379,Mission,Books,Comics,Leon-Lopez,912.95,1265.26
380,Address,Home & Kitchen,Furniture,Collier-Benson,746.02,996.93
381,Report,Books,Non-Fiction,Jackson Inc,731.64,840.92
382,Box,Clothing,Jeans,"Poole, Williams and Lee",690.09,770.81
383,Idea,Clothing,Jeans,"Reynolds, Watts and Lewis",354.46,467.63
384,May,Books,Comics,Hernandez Group,221.25,283.88
385,List,Home & Kitchen,Cookware,"Delgado, Brown and Conrad",323.41,422.75
386,Start,Books,Non-Fiction,Johnson LLC,232.04,314.35
387,State,Electronics,Camera,Myers Group,522.63,689.59
388,Set,Books,Comics,Jones LLC,882.95,1025.73
389,Debate,Home & Kitchen,Decor,Mullen-Silva,321.97,440.29
390,Action,Books,Non-Fiction,Marshall-Jacobs,734.56,1088.08
391,All,Clothing,Shirts,Davis and Sons,968.82,1363.26
392,Century,Clothing,Jeans,Moses-Hart,919.15,1055.32
393,Actually,Clothing,Shirts,Lindsey and Sons,526.59,611.2
394,Power,Clothing,Shirts,Davis-Goodwin,508.79,738.93
395,Already,Electronics,Camera,"Hayes, Martin and Rodriguez",467.22,552.32
396,Now,Electronics,Mobile,Knight-Paul,474.23,597.54
397,Marriage,Electronics,Camera,Rios Group,622.72,933.7
398,Change,Home & Kitchen,Furniture,Wilson LLC,968.24,1205.77
399,Four,Clothing,Shirts,"Ayala, Paul and Sparks",222.54,250.01
400,Mission,Home & Kitchen,Furniture,Hudson PLC,151.92,168.26
401,System,Home & Kitchen,Furniture,Wells Inc,239.97,321.05
402,Look,Electronics,Laptop,Torres-Russell,606.5,732.72
403,Check,Clothing,Shirts,Malone LLC,851.77,1275.54
404,Tough,Home & Kitchen,Furniture,White and Sons,610.53,767.66
405,Better,Books,Non-Fiction,"Sanders, Thomas and White",226.6,317.23
406,Which,Electronics,Laptop,"Nelson, Miller and Best",784.31,1041.87
407,White,Books,Comics,"Cross, Aguilar and Torres",694.37,894.78
408,Than,Books,Non-Fiction,Salinas-Wells,957.06,1368.48
409,Couple,Electronics,Laptop,Jensen-Clark,471.95,632.48
410,Cover,Electronics,Mobile,May-Gomez,274.89,319.5
411,Between,Clothing,Jackets,Leblanc Group,880.85,1154.54
412,Issue,Clothing,Jeans,Pearson PLC,669.13,944.18
413,Television,Clothing,Jackets,Cortez-Johnson,357.41,454.91
414,Research,Home & Kitchen,Cookware,Nelson LLC,732.92,1065.74
415,Their,Books,Comics,"Howard, Fernandez and Rodriguez",539.86,808.9
416,Although,Electronics,Camera,Rodriguez PLC,908.31,1002.68
417,Region,Home & Kitchen,Cookware,Flores PLC,479.33,603.54
418,Party,Home & Kitchen,Furniture,Jackson Group,949.66,1148.02
419,Now,Home & Kitchen,Furniture,Holder-Warner,147.8,174.55
420,Significant,Clothing,Jackets,"Lang, Dyer and Scott",199.1,290.26
421,Only,Home & Kitchen,Cookware,Moody-Odonnell,176.94,228.71
422,My,Books,Non-Fiction,"Fisher, Lewis and Gray",452.74,566.46
423,Artist,Home & Kitchen,Decor,Porter LLC,345.43,385.3
424,Forget,Electronics,Laptop,Green-Dixon,305.81,421.28
425,During,Clothing,Jackets,Nicholson-Grant,177.24,263.02
426,Behavior,Books,Non-Fiction,"Rodriguez, Johnson and Carter",439.06,566.81
427,Throughout,Books,Non-Fiction,"Anderson, Kim and Williams",220.42,285.81
428,International,Clothing,Jackets,"Mclaughlin, Gallagher and Mahoney",832.76,1239.77
429,Special,Books,Non-Fiction,Long Ltd,774.03,990.15
430,Process,Books,Fiction,Bass LLC,304.29,401.69
431,Drug,Books,Comics,Fernandez-Hicks,698.92,930.57
432,Expect,Clothing,Jackets,Blackburn-Williams,201.65,254.19
433,Coach,Clothing,Jeans,Walker PLC,685.1,851.69
434,Item,Electronics,Laptop,Hill-Lopez,647.17,831.59
435,Send,Clothing,Jackets,Jackson and Sons,127.4,189.11
436,Decision,Electronics,Mobile,"Acosta, Parks and Newton",685.18,837.44
437,Trial,Home & Kitchen,Decor,Howard LLC,896.07,1136.93
438,Ability,Home & Kitchen,Cookware,Juarez Inc,641.88,861.06
439,Ask,Home & Kitchen,Cookware,Smith PLC,654.37,927.76
440,However,Clothing,Jeans,Mcguire Ltd,242.81,354.13
441,Send,Clothing,Jeans,Chavez-Wheeler,347.57,484.74
442,Population,Books,Fiction,Smith PLC,517.27,715.35
443,Owner,Home & Kitchen,Furniture,"Kidd, Martinez and Wilson",802.64,944.98
444,Success,Home & Kitchen,Furniture,Johnson Inc,139.23,186.97
445,If,Home & Kitchen,Furniture,"Mullins, Burton and Hoover",305.08,435.28
446,Chair,Clothing,Jackets,"Simpson, Peck and Harmon",985.27,1269.93
447,Party,Home & Kitchen,Cookware,"Patel, Ayala and Acosta",933.0,1286.07
448,Sister,Home & Kitchen,Cookware,"Williamson, Price and Weaver",799.77,1000.21
449,Significant,Books,Fiction,Evans-Zhang,449.35,540.42
450,Beautiful,Home & Kitchen,Decor,"Coleman, Cooke and Price",151.91,207.38
451,Amount,Clothing,Shirts,Johnson PLC,575.61,781.54
452,Team,Books,Comics,"Robertson, Sutton and Wright",214.97,256.78
453,By,Electronics,Laptop,Sharp and Sons,687.71,766.41
454,Like,Books,Fiction,Noble PLC,374.26,523.56
455,Us,Clothing,Jeans,Flores Ltd,339.09,393.9
456,Pm,Clothing,Shirts,"Brewer, Benson and Rivera",292.88,326.24
457,Chance,Clothing,Shirts,"Mccarty, Parker and Kaufman",401.07,551.1
458,Current,Clothing,Shirts,"Green, Abbott and Smith",890.89,1106.73
459,Him,Books,Fiction,Nguyen and Sons,432.94,508.96
460,Fall,Clothing,Shirts,Jenkins-Griffin,643.34,919.48
461,How,Clothing,Jackets,"Lawson, Wright and Perkins",765.35,917.48
462,Score,Clothing,Shirts,Boyer-Reynolds,551.73,816.47
463,Choose,Books,Comics,"Brown, Brown and Taylor",507.42,590.86
464,Upon,Electronics,Camera,"Le, Patrick and Mccarthy",515.56,641.04
465,Notice,Electronics,Camera,Barker and Sons,384.39,544.24
466,Wife,Home & Kitchen,Cookware,Delgado PLC,275.19,348.97
467,Likely,Books,Fiction,"Nielsen, Roberts and Smith",622.87,706.9
468,Vote,Books,Non-Fiction,Taylor-Schmidt,498.47,566.02
469,Month,Home & Kitchen,Decor,Crawford Ltd,476.29,669.5
470,Garden,Electronics,Mobile,Mcdonald LLC,688.57,982.47
471,Public,Books,Comics,Jenkins and Sons,437.97,488.93
472,Wonder,Electronics,Mobile,Cooper Group,804.53,1022.52
473,Adult,Clothing,Jeans,Phillips and Sons,456.67,638.86
474,President,Clothing,Jackets,Riddle PLC,613.42,893.87
475,Chair,Clothing,Jackets,"Haynes, Rodriguez and Wilson",464.95,568.19
476,Kid,Home & Kitchen,Cookware,Fuller Ltd,107.61,147.05
477,Generation,Clothing,Jeans,Cunningham-Mitchell,653.53,956.09
478,Trial,Home & Kitchen,Decor,Wilson-Johnson,283.98,391.23
479,Majority,Home & Kitchen,Decor,"Thompson, Brown and Simmons",996.1,1271.16
480,Agent,Electronics,Camera,Miller PLC,211.61,247.05
481,Eight,Books,Fiction,"Thomas, Miller and Davis",432.9,540.88
482,Until,Home & Kitchen,Decor,"Solomon, Gonzalez and Strong",339.52,462.46
483,Out,Books,Comics,"Branch, Burton and Jones",931.64,1194.55
484,Behind,Home & Kitchen,Decor,Johnson LLC,521.73,743.55
485,Your,Electronics,Mobile,"Espinoza, Smith and Moss",375.12,432.71
486,Learn,Clothing,Jackets,Walker-Briggs,694.17,910.51
487,Vote,Home & Kitchen,Decor,"Mcintyre, Molina and Collins",528.25,763.86
488,Share,Home & Kitchen,Decor,Arellano LLC,487.2,543.02
489,Real,Electronics,Mobile,English Group,798.8,1067.24
490,Kind,Clothing,Jeans,Christian LLC,750.68,1025.34
491,Identify,Electronics,Mobile,Rodriguez Inc,991.77,1187.44
492,Go,Home & Kitchen,Decor,Smith Group,732.27,962.76
493,Serve,Books,Comics,"Lindsey, Bird and Maynard",791.66,1160.45
494,For,Electronics,Camera,Bruce-Green,655.58,913.98
495,Hard,Electronics,Laptop,"Woodward, Miller and Kidd",193.81,243.45
496,Nor,Clothing,Jeans,Martin LLC,382.62,485.5
497,Sometimes,Clothing,Jeans,Brady and Sons,588.83,799.09
498,That,Electronics,Laptop,Barnett-White,912.42,1036.49
499,Local,Electronics,Mobile,Hicks Group,332.28,403.63
500,Score,Home & Kitchen,Decor,Donovan-Frederick,932.35,1368.62
